Week,New Births,New Infections,infected_per_infectious,r_t,max(infectious_wks),new infect|hiv,new infect|vax1,new infect|vax2,new infect b,new infect h,new infect w,new infect a1,new infect a2,new infect a3,new infect a4,new infect a5,To Vax 1,To Vax 2,To Vax,To Vax1 plwh,To Aware (asym),To Aware (sym),To Aware,To aware|hiv,To Aware b|hiv,To Aware h|hiv,To Aware w|hiv,To Aware ls 40|hiv,To Aware ge 40|hiv,To_aware_b,To_aware_h,To_aware_w,To_aware_a1,To_aware_a2,To_aware_a3,To_aware_a4,To_aware_a5,To_vax1_b,To_vax1_h,To_vax1_w,To_vax1_a1,To_vax1_a2,To_vax1_a3,To_vax1_a4,To_vax1_a5,To_vax2_b,To_vax2_h,To_vax2_w,To_vax2_a1,To_vax2_a2,To_vax2_a3,To_vax2_a4,To_vax2_a5,To_vax_b,To_vax_h,To_vax_w,To_vax_a1,To_vax_a2,To_vax_a3,To_vax_a4,To_vax_a5,Asymp to Symp,Symp to Recover,Asymp to Recover,To on Treatment,To Death,To isolation,Alive MSM,Sus,Asymp,Symp,recovered,aware,aware_asym,aware_sym,vax_1,vax_2,vac1_sus,vac1_asy,vac1_sym,vac1_rec,vac2_sus,vac2_asy,vac2_sym,vac2_rec,vac1_b,vac1_h,vac1_w,vac2_b,vac2_h,vac2_w,vac1_hiv,vac2_hiv,on trt,on iso,hiv aware,pox + hiv aware
0,0,0,0,0,0,0,0,0,0,0,0,0,0,0,0,0,0,0,0,0,0,0,0,0,0,0,0,0,0,0,0,0,0,0,0,0,0,0,0,0,0,0,0,0,0,0,0,0,0,0,0,0,0,0,0,0,0,0,0,0,0,0,0,0,0,0,0,263322,260544,0,5,2773,3,0,3,19563,45520,19393,0,0,170,45271,0,1,248,2332,7908,9323,5252,18077,22191,4340,10155,2,1,50306,0
1,80,0.9,0.15,0,0,0.25,0.2,0.3,0.6,0.3,0,0.45,0.15,0.15,0.05,0.1,92.25,171.9,264.15,19.5,0.05,1.45,1.5,0.75,0.05,0.7,0,0,0.75,0.05,1.45,0,0,0.75,0.75,0,0,10.95,37.6,43.7,24.75,21.8,16.7,15.95,13.05,17.75,78.45,75.7,44.35,34.4,39.5,29.05,24.6,28.7,116.05,119.4,69.1,56.2,56.2,45,37.65,0.65,2.6,0.05,1,67.75,0.6,263334.25,260554.55,0.2,4.05,2775.45,3.05,0,3.05,19479.6,45683.45,19309.3,0.1,0.15,170.05,45434,0.1,0.95,248.4,0,0,19479.6,0,0,45683.45,4321.4,10190.3,1.6,0.7,50327.7,0.65
2,80,0.5,0.11,0.11,0,0.35,0,0.05,0.45,0.05,0,0.25,0,0.1,0,0.15,93.2,185.9,279.1,21.1,0,0.7,0.7,0.4,0.15,0.25,0,0.2,0.2,0.3,0.4,0,0.25,0.15,0.3,0,0,11.55,39.35,42.3,26.6,20.7,19.55,16,10.35,24.35,74.6,86.95,50.4,42.45,39.45,29.35,24.25,35.9,113.95,129.25,77,63.15,59,45.35,34.6,0.55,2.35,0,0.45,69.85,0.15,263344.4,260564.95,0.15,2.25,2777.05,1.7,0,1.7,19383.75,45860.55,19213.45,0.1,0.1,170.1,45611.1,0,0.5,248.95,0,0,19383.75,0,0,45860.55,4301.85,10236.55,0.85,0.3,50345.4,0.4
3,80,0.65,0.14,0.17,0,0.35,0,0.2,0.65,0,0,0.25,0.1,0,0.15,0.15,95.9,170.15,266.05,22,0,0.3,0.3,0.15,0.15,0,0,0.05,0.1,0.3,0,0,0.2,0,0.1,0,0,9.7,44.05,42.15,26.9,23.5,18.95,15.95,10.6,21.85,76.35,71.95,41.05,42.45,31.65,33.9,21.1,31.55,120.4,114.1,67.95,65.95,50.6,49.85,31.7,0.55,1.4,0,0.35,65.55,0.7,263358.85,260577.8,0.25,2.4,2778.4,1.75,0,1.75,19306.65,46023.5,19136.15,0,0.25,170.25,45773.75,0.1,0.4,249.25,0,0,19306.65,0,0,46023.5,4286.95,10279.4,0.6,0.85,50363.9,0.3
4,80,0.5,0.22,0.56,0,0.3,0.05,0.1,0.45,0.05,0,0.25,0.1,0.1,0.05,0,92.7,170.75,263.45,20.7,0.05,0.6,0.65,0.3,0.3,0,0,0.05,0.25,0.5,0.15,0,0.35,0,0,0.1,0.2,11.15,37.65,43.9,26.6,21.85,17.6,15.2,11.45,20.85,76.6,73.3,41.05,41.85,39.75,27.75,20.35,32,114.25,117.2,67.65,63.7,57.35,42.95,31.8,0.55,0.75,0.05,0.45,65.75,0.15,263373.1,260592.1,0.15,2.2,2778.65,1.6,0,1.6,19225.65,46186.65,19055.05,0,0.2,170.4,45936.8,0.15,0.4,249.3,0,0,19225.65,0,0,46186.65,4272.85,10320.4,0.8,0.6,50381.65,0.5
5,80,0.95,0.24,0.19,0,0.6,0.3,0.2,0.75,0.2,0,0.5,0.3,0.05,0.1,0,97.15,31.95,129.1,20.1,0.1,0.4,0.5,0.3,0.3,0,0,0.25,0.05,0.5,0,0,0.15,0.25,0,0.1,0,11.2,40.45,45.5,26.25,25.35,18.4,14.85,12.3,3.65,14.3,14,8.5,9,4.3,6.4,3.75,14.85,54.75,59.5,34.75,34.35,22.7,21.25,16.05,0.9,1.95,0,0.35,69.6,0.4,263383.5,260599.75,0.2,3.15,2780.4,2.15,0,2.15,19287.55,46208.9,19116.45,0.05,0.3,170.75,45958.75,0,0.7,249.45,0,0,19287.55,0,0,46208.9,4288.35,10331.45,0.5,0.7,50399.5,0.55
6,80,0.7,NaN,NaN,0,0.15,0.05,0.15,0.55,0.15,0,0.1,0.4,0.1,0.1,0,95.05,33.8,128.85,20.05,0,0.8,0.8,0.45,0.3,0.15,0,0.35,0.1,0.55,0.25,0,0.4,0.25,0.1,0.05,0,10,39.75,45.3,26.65,21.75,19.15,14.55,12.95,3.95,14.2,15.65,10.25,7,7.75,5.7,3.1,13.95,53.95,60.95,36.9,28.75,26.9,20.25,16.05,0.55,1.5,0,0.25,64.55,0.25,263398.95,260614.7,0.35,2.2,2781.7,1.6,0,1.6,19345.2,46233.85,19174.05,0,0.3,170.85,45983.65,0.05,0.3,249.85,0,0,19345.2,0,0,46233.85,4303,10344.35,0.3,0.5,50417.4,0.55
7,80,1.75,0.42,0.37,0,1.1,0.1,0.4,1.4,0.35,0,0.4,0.8,0.05,0.2,0.3,97.5,34.4,131.9,21.75,0.1,0.45,0.55,0.25,0.15,0.1,0,0.2,0.05,0.45,0.1,0,0,0.4,0.05,0.05,0.05,10.7,42.2,44.6,24.6,24.15,19.7,16.4,12.65,2.8,15.25,16.35,9.95,7.8,7.2,5.85,3.6,13.5,57.45,60.95,34.55,31.95,26.9,22.25,16.25,1.45,1.65,0,0.65,68.55,0.45,263410.4,260622.7,0.65,4,2783.05,2.65,0,2.65,19405.25,46259.15,19233.75,0,0.5,171,46008.05,0.3,0.65,250.15,0,0,19405.25,0,0,46259.15,4318.65,10356.55,0.85,0.65,50437.45,0.65
8,80,1.3,0.24,0.26,0,0.7,0.4,0.3,1.15,0.15,0,0.45,0.45,0.2,0.05,0.15,89.8,31.05,120.85,19.25,0.2,1.1,1.3,0.75,0.55,0.2,0,0.55,0.2,0.9,0.4,0,0.35,0.7,0,0.2,0.05,11.55,36.4,41.85,25.7,21.75,18.6,13.7,10.05,2.85,14.5,13.7,9.25,6.85,6,4.9,4.05,14.4,50.9,55.55,34.95,28.6,24.6,18.6,14.1,1.15,1.7,0,1,70.7,0.3,263419.7,260630.4,0.75,4.45,2784.1,3.25,0.1,3.15,19461.9,46284,19289.75,0.3,0.65,171.2,46032.6,0.25,0.95,250.2,0,0,19461.9,0,0,46284,4334.2,10367.85,1.3,0.6,50455,1.2
9,80,2.25,0.48,0.88,0,1.05,0.2,0.7,1.85,0.4,0,0.5,1.35,0.25,0,0.15,94.15,32.6,126.75,20.55,0.05,1.15,1.2,0.6,0.6,0,0,0.45,0.15,1.1,0.1,0,0.5,0.3,0.15,0.05,0.2,9.35,42.2,42.6,24.1,23.8,18.25,16.45,11.55,4.1,12.75,15.75,8.15,9.6,6.35,4.8,3.7,13.45,54.95,58.35,32.25,33.4,24.6,21.25,15.25,2.35,1.3,0,0.5,68.05,1.1,263431.65,260640.85,0.65,5.5,2784.65,3.15,0.1,3.05,19520.25,46309.05,19347.9,0.1,1.05,171.2,46056.95,0.15,1.45,250.5,0,0,19520.25,0,0,46309.05,4350.5,10377.9,1,1.4,50470.1,1.5
10,80,1.85,0.23,0.41,0,1.25,0.15,0.2,1.6,0.25,0,0.65,0.5,0.2,0.3,0.2,94.6,34.6,129.2,21.45,0.2,2,2.2,1.25,1.2,0.05,0,1,0.25,2.05,0.15,0,0.45,1.2,0.3,0,0.25,9.8,38.65,46.15,25.25,23.45,20.9,15,10,3.6,13.85,17.15,9.65,8.1,7.6,5,4.25,13.4,52.5,63.3,34.9,31.55,28.5,20,14.25,1.7,2.65,0.05,0.5,68.3,0.55,263443.35,260651.2,0.75,4.55,2786.85,2.85,0,2.85,19577.45,46335.55,19404.8,0.05,0.95,171.65,46083.25,0.2,0.45,251.65,0,0,19577.45,0,0,46335.55,4366.2,10389.3,0.6,1.05,50488.55,1.6
11,80,1.8,NaN,NaN,0,0.75,0.2,0.5,1.65,0.15,0,0.55,0.9,0.1,0.1,0.15,99.65,35.95,135.6,21.7,0.1,1.5,1.6,0.8,0.75,0.05,0,0.45,0.35,1.2,0.4,0,0.65,0.55,0.05,0.2,0.15,11.15,43.6,44.9,28.6,23.3,18.7,17.6,11.45,4.4,15.3,16.25,9.25,9.45,7.3,5.75,4.2,15.55,58.9,61.15,37.85,32.75,26,23.35,15.65,1.3,1.55,0.05,0.75,62.95,0,263460.4,260666.7,1.2,4.3,2788.2,2.95,0.05,2.9,19638.5,46364.15,19465.55,0.25,0.8,171.9,46111.35,0.25,0.65,251.9,0,0,19638.5,0,0,46364.15,4381.95,10402.05,0.85,0.6,50508.4,1.45
12,80,3.05,0.37,0.66,0,1.7,0.35,0.8,2.65,0.4,0,1.3,1.55,0.2,0,0,95.3,32.6,127.9,21.2,0.25,1.1,1.35,0.75,0.65,0.1,0,0.55,0.2,1.15,0.2,0,0.55,0.5,0.15,0.1,0.05,12,40.8,42.5,24.25,24,17.95,16.65,12.45,4.95,12.2,15.45,9.25,7.5,7.55,4.3,4,16.95,53,57.95,33.5,31.5,25.5,20.95,16.45,2.7,2.45,0.05,1.05,63.1,0.45,263477.3,260679.05,1.5,6.55,2790.2,3.85,0.1,3.75,19697.85,46390.35,19524.35,0.3,0.75,172.45,46136.5,0.55,1,252.3,0,0,19697.85,0,0,46390.35,4398.9,10414.2,1.55,0.65,50527.5,1.35
13,80,3.6,0.36,0.58,0,1.15,0.3,1,3.15,0.45,0,1,1.25,0.8,0.1,0.45,95.25,30.3,125.55,22.5,0.25,2.5,2.75,1.55,1.4,0.15,0,1.25,0.3,2.5,0.25,0,0.65,1.65,0.3,0.05,0.1,11.1,41.2,42.95,26.4,23.4,18.7,16.65,10.1,3.2,12.9,14.2,8.4,6.95,6.4,5.25,3.3,14.3,54.1,57.15,34.8,30.35,25.1,21.9,13.4,3.4,3.1,0,1.2,65.1,0.95,263492.2,260688.95,1.7,8.85,2792.7,5.5,0.1,5.4,19759.95,46412.55,19586.1,0.25,0.95,172.65,46157.4,0.6,1.5,253.05,0,0,19759.95,0,0,46412.55,4416.65,10424.15,1.35,1.4,50544.8,2.1
14,80,3.8,0.26,0.48,0,1.6,0.4,0.7,3.45,0.35,0,0.65,2.3,0.55,0,0.3,95.75,30.25,126,21.95,0.2,2.9,3.1,1.3,1.2,0.1,0,0.85,0.45,2.85,0.25,0,1,1,0.7,0.15,0.25,10.25,43.35,42.15,26.25,23.8,17.1,16.05,12.55,4.15,12.65,13.45,8.6,8.9,5.95,3.4,3.4,14.4,56,55.6,34.85,32.7,23.05,19.45,15.95,4.1,3.6,0.05,1.1,67.9,1.35,263504.3,260698.05,1.35,9.35,2795.55,5.05,0.15,4.9,19820.8,46434.1,19646.75,0.1,1.2,172.75,46178.3,0.35,1.7,253.75,0,0,19820.8,0,0,46434.1,4435.6,10433.05,1.5,1.8,50562.15,1.7
15,80,4.65,0.34,0.59,0,1.95,0.45,0.6,4.35,0.3,0,0.85,2.45,0.6,0.5,0.25,92.65,33.8,126.45,21.4,0.2,4.1,4.3,1.85,1.85,0,0,1.55,0.3,3.8,0.5,0,1.1,2.1,0.55,0.15,0.4,11.7,38.5,42.45,27.1,23.15,17.7,13.4,11.3,4.15,15.65,14,8.7,8,6.3,6.7,4.1,15.85,54.15,56.45,35.8,31.15,24,20.1,15.4,4.25,4.4,0.15,1.3,66.25,1.05,263518.05,260706.6,1.5,10.2,2799.75,6.05,0.15,5.9,19876.65,46458.85,19701.95,0.4,0.95,173.35,46202.25,0.15,2.15,254.3,0,0,19876.65,0,0,46458.85,4450.5,10444.95,1.55,2.05,50579.95,1.7
16,80,5.6,0.44,0.7,0,2.8,0.4,1.3,5.05,0.55,0,2,2.45,0.7,0.2,0.25,94.8,32.25,127.05,21.85,0.55,4,4.55,1.9,1.55,0.35,0,1.75,0.15,4.1,0.45,0,0.9,2.8,0.45,0.35,0.05,12.7,39.25,42.85,30.15,20.15,18.2,14.4,11.9,3.6,14.35,14.3,7.85,8.5,5.9,6.25,3.75,16.3,53.6,57.15,38,28.65,24.1,20.65,15.65,5,4.75,0.1,1.55,63.5,1.6,263534.55,260716.8,2,11.45,2804.3,6.85,0.4,6.45,19936.25,46483.75,19760.85,0.55,1.2,173.65,46225.65,0.25,2.45,255.4,0,0,19936.25,0,0,46483.75,4467.4,10457,1.9,2.75,50600.4,2.25
17,80,3.95,NaN,NaN,0,2.15,0.2,1.35,3.75,0.2,0,1.35,1.55,0.55,0.35,0.15,90.35,31.85,122.2,19.2,0.15,4.5,4.65,2.55,2.45,0.1,0,2,0.55,4.3,0.35,0,1.25,2.25,0.75,0.2,0.2,9.35,39.45,41.55,25.25,19.5,18.95,15.55,11.1,4.2,13.4,14.25,8.85,7.75,6.9,5.7,2.65,13.55,52.85,55.8,34.1,27.25,25.85,21.25,13.75,3.9,5.15,0.1,1.8,68.2,0.8,263546.35,260725.35,1.85,10.2,2808.95,6.4,0.2,6.2,19991.25,46507.95,19815.65,0.15,1.3,174.15,46248.5,0.4,2.35,256.7,0,0,19991.25,0,0,46507.95,4480.85,10467.9,2.4,2.25,50618,2.55
18,80,3.95,NaN,NaN,0,1.4,0.2,0.85,3.5,0.45,0,1.3,1.75,0.35,0.5,0.05,97.05,34.2,131.25,21.3,0.5,3.25,3.75,1.55,1.55,0,0,1.3,0.25,3.4,0.35,0,0.9,2.05,0.4,0.25,0.15,10.25,42.9,43.9,26.35,25.95,15.8,16.15,12.8,3.65,15.3,15.25,8.4,7.85,6.45,5.6,5.65,13.9,58.2,59.15,34.75,33.8,22.25,21.75,18.45,3.4,4.25,0.15,1.55,67.2,1.45,263559.15,260734.85,2.25,9.35,2812.7,5.9,0.25,5.65,20049.9,46533.15,19874,0.3,0.85,174.75,46272.9,0.5,2.45,257.3,0,0,20049.9,0,0,46533.15,4495.1,10479.8,2.15,2.4,50635.35,2.25
19,80,3.85,NaN,NaN,0,1.6,0.45,0.85,3.45,0.4,0,1.5,1.85,0.35,0.1,0.05,89.6,32.8,122.4,19.65,0.1,3.1,3.2,1.4,1.35,0.05,0,1.1,0.3,2.7,0.5,0,0.95,1.6,0.15,0.35,0.15,9.7,38.85,41.05,23.5,20.7,16.75,16.35,12.3,4.2,13.5,15.1,9.55,6.65,6.4,5.25,4.8,13.9,52.35,56.15,33.05,27.35,23.15,21.6,17.1,4.45,3.95,0,1.55,71.7,0.9,263567.45,260739.75,1.65,9.85,2816.2,5.35,0.05,5.3,20102.95,46557.4,19926.6,0.25,0.95,175.15,46296.3,0.2,2.55,258.35,0,0,20102.95,0,0,46557.4,4509.5,10491.5,2.05,1.95,50652.75,2.3
20,80,4.6,0.23,0.41,0,2.7,0.3,0.95,4.35,0.25,0,1.6,2.1,0.25,0.35,0.3,97.8,34.15,131.95,20.25,0.5,3.95,4.45,1.9,1.75,0.15,0,1.6,0.3,4.1,0.35,0,1.25,2.15,0.55,0.25,0.25,13.2,41.7,42.9,27.25,23.3,19.1,15.8,12.35,4.9,14.8,14.45,10.1,7.1,7.35,4.65,4.75,18.1,56.5,57.35,37.35,30.4,26.45,20.45,17.1,4.25,5.3,0.45,2.15,67.7,1.5,263579.75,260744.9,1.55,11.8,2821.5,7.2,0,7.2,20162.7,46582.75,19985.5,0.15,1,176.05,46320.05,0.3,2.85,259.55,0,0,20162.7,0,0,46582.75,4525.55,10503.55,2.75,2.55,50672.15,2.6
21,80,4.15,0.27,0.44,0,2.25,0.4,0.9,4,0.15,0,0.9,1.95,0.7,0.35,0.25,90.75,30.55,121.3,20.05,0.25,4.15,4.4,2.15,2.15,0,0,1.65,0.5,4.35,0.05,0,1.9,1.6,0.3,0.3,0.3,10.5,37.75,42.5,25.75,21.25,18.1,13.85,11.8,3.05,14.5,13,8.65,5.15,6.5,5.85,4.4,13.55,52.25,55.5,34.4,26.4,24.6,19.7,16.2,3.75,5.15,0.2,1.65,74.75,1.4,263585,260745.65,1.75,11.3,2826.3,7.4,0.1,7.3,20218.65,46604.6,20040.85,0.2,1.1,176.5,46340.8,0.45,2.35,261,0,0,20218.65,0,0,46604.6,4541.1,10513.1,2.5,2.7,50690.3,2.25
22,80,4.05,0.3,0.43,0,2,0.45,0.95,3.5,0.55,0,1.15,1.95,0.6,0.2,0.15,92.15,35.3,127.45,19.4,0.25,3.45,3.7,2.1,2.1,0,0,1.6,0.5,3.5,0.2,0,0.8,1.95,0.45,0.35,0.15,11.05,35.75,45.35,26.9,20.6,17.4,14.55,12.7,4.3,13.9,17.1,8.75,9.55,5.9,6.35,4.75,15.35,49.65,62.45,35.65,30.15,23.3,20.9,17.45,3.4,4.45,0,2.45,70.75,1.35,263594.25,260750.05,2.4,12.2,2829.6,8.7,0.15,8.55,20271.25,46632.6,20093,0.4,1.6,176.25,46367.65,0.45,2.35,262.15,0,0,20271.25,0,0,46632.6,4553.2,10526.65,3.35,3.35,50708.55,3
23,80,4.6,0.33,0.57,0,2.25,0.2,1.8,4.15,0.45,0,1.25,2.3,0.55,0.35,0.15,91.6,30.5,122.1,20.6,0.5,2.75,3.25,1.7,1.45,0.25,0,1.5,0.2,2.8,0.45,0,0.9,1.75,0.35,0.2,0.05,11.5,36.8,43.3,26.4,17.45,21.7,15.8,10.25,3.3,13.3,13.9,8.25,7.6,5,6.1,3.55,14.8,50.1,57.2,34.65,25.05,26.7,21.9,13.8,4.4,5.9,0,2,67,0.85,263607.25,260757.45,2.6,11.7,2835.5,7.45,0.2,7.25,20329.3,46654.7,20150.7,0.15,1.65,176.8,46387.75,0.65,2.95,263.35,0,0,20329.3,0,0,46654.7,4568.65,10539.2,3.3,2.6,50726.7,2.8
24,80,4.7,0.29,0.51,0,2.65,0.55,1.25,4.35,0.35,0,1.3,2.15,0.55,0.4,0.2,92.3,33.3,125.6,21.05,0.3,4.2,4.5,1.95,1.75,0.2,0,1.6,0.35,4.25,0.25,0,1.35,2.15,0.45,0.4,0.15,11.65,38.3,42.35,24.45,24,18.55,14.35,10.95,4.75,14.65,13.9,10.15,7.5,5.6,6.05,4,16.4,52.95,56.25,34.6,31.5,24.15,20.4,14.95,5,6.4,0.2,2.25,75.6,1.35,263611.65,260756,2.1,12.3,2841.25,7.5,0.1,7.4,20384.95,46679.95,20205.65,0.35,1.35,177.6,46411.4,0.6,2.9,265.05,0,0,20384.95,0,0,46679.95,4584.4,10551.4,2.95,2.6,50744,2.8
25,80,5.95,0.39,0.79,0,3.35,0.7,1.3,5.55,0.4,0,1.45,2.7,0.7,0.6,0.5,90.15,32.1,122.25,18.95,0.5,4.15,4.65,2.7,2.55,0.15,0,1.9,0.8,4,0.65,0,1.3,2,0.85,0.35,0.15,12.4,39.45,38.3,25.5,21.3,16.5,16.5,10.35,4.2,12.55,15.35,8.85,7.05,6.8,5.2,4.2,16.6,52,53.65,34.35,28.35,23.3,21.7,14.55,6.05,5.5,0.1,1.4,69.6,0.95,263622.05,260760.75,1.9,12.85,2846.55,6.8,0.2,6.6,20440.35,46701.65,20260.25,0.3,1.65,178.15,46431.7,0.35,3.05,266.55,0,0,20440.35,0,0,46701.65,4598.05,10563.85,1.95,2.1,50762,2.9
26,80,6.7,0.36,0.59,0,3.45,0.55,1.3,6.25,0.45,0,1.6,3.25,0.95,0.2,0.7,95.55,32.15,127.7,21.25,0.6,5.3,5.9,3.5,3.35,0.15,0,3.05,0.45,5.55,0.35,0,1.55,3.15,0.55,0.4,0.25,10.9,39.3,45.35,25.35,22,19.05,16.9,12.25,3.25,13.35,15.55,10.1,6.25,6.4,5.25,4.15,14.15,52.65,60.9,35.45,28.25,25.45,22.15,16.4,5.6,5.9,0.3,1.9,71.1,0.95,263630.95,260761.6,2.7,14.45,2852.2,8.85,0.15,8.7,20499.75,46724.7,20318.45,0.45,1.5,179.35,46453.3,0.75,3.2,267.45,0,0,20499.75,0,0,46724.7,4613.55,10576.9,2.4,2.25,50778.75,4.4
27,80,5.35,0.33,0.61,0,2.5,0.65,1.2,4.75,0.6,0,1.25,2.7,0.55,0.65,0.2,90.1,34,124.1,19.1,0.35,4.7,5.05,2.65,2.65,0,0,2.05,0.6,4.65,0.4,0,1.4,2.25,0.85,0.2,0.35,11.85,39.8,38.45,25.55,21.8,17.4,15.65,9.7,4.35,13.7,15.95,11,6.35,7.4,6.05,3.2,16.2,53.5,54.4,36.55,28.15,24.8,21.7,12.9,5.1,7,0.15,2.55,72.3,1.5,263638.65,260763.6,2.8,13.55,2858.7,7.9,0,7.9,20552.25,46748.1,20370.1,0.45,1.7,180,46475.4,0.65,3.1,268.95,0,0,20552.25,0,0,46748.1,4627.45,10587.15,2.75,2.45,50796,3.75
28,80,6.45,0.36,0.54,0,3,0.75,1.05,5.7,0.75,0,1.85,3.65,0.5,0.35,0.1,95.4,32.1,127.5,19.5,0.15,4.55,4.7,1.95,1.85,0.1,0,1.5,0.45,4.2,0.5,0,1.1,2.3,0.25,0.65,0.4,11.35,41.25,42.8,28.85,21.65,17.9,14.65,12.35,4.45,13.15,14.5,8.35,7.9,6.8,5.1,3.95,15.8,54.4,57.3,37.2,29.55,24.7,19.75,16.3,6.35,5.4,0,3.3,69.55,1.7,263649.1,260765.25,2.8,17.5,2863.55,10.3,0.1,10.2,20611.4,46770.25,20428.35,0.3,2.45,180.3,46496.15,0.5,3.85,269.75,0,0,20611.4,0,0,46770.25,4641.3,10598.5,4.45,3.15,50813.05,4.1
29,80,7.15,0.29,0.58,0,3.7,0.85,1.25,6.35,0.8,0,2.15,3.6,0.5,0.45,0.45,92.5,34.05,126.55,20.3,0.5,6,6.5,3.15,2.95,0.2,0,2.6,0.55,5.95,0.55,0,0.95,4.3,0.45,0.45,0.35,10.6,40.85,41.05,24.65,22.4,17.9,14.8,12.75,4.4,14.65,15,10.15,7.3,6.8,6.4,3.4,15,55.5,56.05,34.8,29.7,24.7,21.2,16.15,6.1,7.05,0.2,2.35,71.6,1.2,263657.5,260767.15,3.65,16.55,2870.15,9.95,0,9.95,20665.95,46796.7,20482.05,0.45,2.05,181.4,46521.35,0.75,3.55,271.05,0,0,20665.95,0,0,46796.7,4657.2,10610.2,3.85,2.95,50829.1,4.05
30,80,7.55,0.47,0.86,0,3.15,0.95,1.2,6.75,0.8,0,1.95,3.8,0.8,0.45,0.55,91.3,32.4,123.7,19.35,0.65,5.1,5.75,2.55,2.35,0.2,0,1.75,0.8,4.95,0.8,0,1.8,2.7,0.55,0.4,0.3,11.35,36.9,43.05,25.4,19.6,18.5,15.15,12.65,3.7,13.1,15.6,9.45,7.65,6.6,5,3.7,15.05,50,58.65,34.85,27.25,25.1,20.15,16.35,7.55,7.4,0.25,2.35,70.55,1.35,263666.95,260768.75,3.2,17.6,2877.4,9.4,0.1,9.3,20719.95,46820.2,20534.95,0.75,2.1,182.15,46543.2,0.7,3.7,272.6,0,0,20719.95,0,0,46820.2,4671.85,10621,3.85,3,50846.7,3.5
31,80,8.15,0.46,0.69,0,3.55,0.85,1.45,7.35,0.8,0,1.65,3.7,1.4,0.5,0.9,89.9,31.55,121.45,17.75,0.25,6.8,7.05,3.15,2.95,0.2,0,2.5,0.65,6.05,1,0,2.1,3.4,0.65,0.45,0.45,12.95,37.65,39.3,26.3,21,17.65,14.05,10.9,4.1,15.45,12,9.95,6.65,5.5,5.7,3.75,17.05,53.1,51.3,36.25,27.65,23.15,19.75,14.65,7.6,8.35,0.05,3.05,71.05,2.05,263675.9,260768.6,3.6,18.85,2884.85,10.45,0,10.45,20773.7,46843.45,20587.7,0.6,2.3,183.1,46564.55,0.8,3.9,274.2,0,0,20773.7,0,0,46843.45,4684.1,10632.45,3.95,3.5,50865.8,3.55
32,80,8.05,0.31,0.47,0,3.7,0.5,1.95,7.1,0.95,0,2.45,3.6,0.65,0.6,0.7,89.9,33.1,123,20.55,0.8,7.15,7.95,4.05,3.6,0.45,0,3.2,0.85,7.25,0.7,0,2,3.65,1.3,0.45,0.55,10.5,37.55,41.85,24.35,20.15,19.15,13.6,12.65,3.3,14.35,15.45,10.9,7.2,6.15,4.95,3.9,13.8,51.9,57.3,35.25,27.35,25.3,18.55,16.55,7.15,7.85,0.25,3.45,70.65,2.2,263685.25,260766.6,4.25,22.15,2892.25,14.5,0.35,14.15,20827.05,46868,20639.65,0.5,2.65,184.25,46586.1,1.15,4.6,276.15,0,0,20827.05,0,0,46868,4700.6,10642.6,4.45,4.4,50882.65,5.15
33,80,8.25,0.32,0.57,0,3.55,0.6,1.45,7.1,1.15,0,1.95,4.15,0.6,0.7,0.85,93.9,32.75,126.65,20.7,0.4,6.6,7,3.3,3.1,0.2,0,2.2,1.1,6.25,0.75,0,1.75,3,0.85,0.7,0.7,9.45,40.95,43.5,27.9,22.45,17.85,14.65,11.05,4.25,14.05,14.45,8.45,8.1,6.75,4.95,4.5,13.7,55,57.95,36.35,30.55,24.6,19.6,15.55,7.9,9.05,0.4,4,69.6,2.7,263695.65,260767.65,4.2,22.95,2900.85,14.6,0,14.6,20884.45,46892.3,20695.7,0.3,2.95,185.5,46608.65,0.85,4.5,278.3,0,0,20884.45,0,0,46892.3,4716.1,10654,5.55,5.7,50899.2,5.2
34,80,8.05,0.34,0.69,0,4.15,0.85,2,7.35,0.7,0,1.95,4.3,0.9,0.15,0.75,95.4,33.95,129.35,21.95,0.65,6.85,7.5,3.3,3.1,0.2,0,2.55,0.75,6.65,0.85,0,1.85,3.8,0.5,0.4,0.95,11,39.2,45.2,25.45,22.9,19.15,15.85,12.05,3.6,13.85,16.5,8.55,7.8,6.5,6.85,4.25,14.6,53.05,61.7,34,30.7,25.65,22.7,16.3,9,8.6,0.4,4.05,73.45,2.05,263702.2,260767.1,2.85,23.15,2909.1,13.7,0.05,13.65,20942.45,46917.65,20752.85,0.25,2.95,186.4,46632,0.9,4.45,280.3,0,0,20942.45,0,0,46917.65,4733.1,10665.5,6.15,5.8,50915.25,5.05
35,80,7.65,0.27,0.54,0,3.5,0.4,2.05,6.9,0.75,0,2.15,4.1,1.05,0.1,0.25,93.05,29.8,122.85,19.2,0.7,7.9,8.6,3.9,3.7,0.2,0,3.05,0.85,7.2,1.4,0,2.55,4,0.8,0.4,0.85,11.2,39.45,42.4,26.25,23,17.75,14.25,11.8,4.05,11.85,13.9,8.3,8.25,5.25,4.15,3.85,15.25,51.3,56.3,34.55,31.25,23,18.4,15.65,7.1,11.2,0.3,3.9,71.65,2.6,263710.55,260766.4,3.05,21.05,2920.05,13.45,0.25,13.2,21002.3,46940,20811.9,0.2,2.4,187.8,46652.1,0.7,4.65,282.55,0,0,21002.3,0,0,46940,4747.65,10676.05,5.75,5.15,50932.35,4.65
36,80,6.95,0.29,0.64,0,3.55,1.05,1.2,6.15,0.8,0,1.55,3.55,0.9,0.7,0.25,90.2,33.05,123.25,18.9,0.55,6.6,7.15,3.45,3.35,0.1,0,2.85,0.6,6.8,0.35,0,1.55,4.2,0.95,0.2,0.25,9.75,37.85,42.6,26.1,19.95,15.95,15.45,12.75,4.25,13.3,15.5,9.25,7.35,7.15,5.05,4.25,14,51.15,58.1,35.35,27.3,23.1,20.5,17,7.2,9.3,0.4,2.15,69.95,1.55,263720.6,260769.7,2.4,18.95,2929.55,11.35,0.1,11.25,21056.8,46964.15,20864.95,0.1,2.8,188.95,46675,0.65,4.1,284.4,0,0,21056.8,0,0,46964.15,4760.25,10687.5,4,4.2,50946.9,4
37,80,6.5,0.26,0.56,0,3.55,0.8,1.45,5.75,0.75,0,1.6,3.8,0.6,0.35,0.15,89.4,33.45,122.85,20,0.35,6.7,7.05,3.4,3.15,0.25,0,2.95,0.45,6.2,0.85,0,1.65,4.1,0.6,0.55,0.15,11.55,39.3,38.55,22.3,20.45,18.6,15.6,12.45,3.55,14.05,15.85,10.25,7.9,6.5,5.1,3.7,15.1,53.35,54.4,32.55,28.35,25.1,20.7,16.15,6.2,7.35,0.1,3.6,69.3,1.8,263731.3,260773.95,2.4,18.8,2936.15,12.25,0,12.25,21108.75,46989.65,20916.35,0.1,2.7,189.6,46698.9,0.3,4.3,286.15,0,0,21108.75,0,0,46989.65,4774.8,10699,4.9,4.2,50964.45,4.85
38,80,6.9,0.33,0.76,0,3.4,0.8,1.45,6.2,0.7,0,2,3.45,0.6,0.45,0.4,90.2,33.65,123.85,18.85,0.5,5.2,5.7,2.7,2.45,0.25,0,2.2,0.5,5,0.7,0,1.1,3.35,0.7,0.15,0.4,10.9,38.3,41,25,22.2,17.2,15.55,10.25,4.05,13.1,16.5,10.35,8.2,6.1,5.25,3.75,14.95,51.4,57.5,35.35,30.4,23.3,20.8,14,6.75,8.25,0.1,2.6,71,1.8,263740.3,260776.7,2.45,17.3,2943.85,10.1,0,10.1,21161.05,47013.5,20967.75,0.1,2.55,190.65,46721.3,0.65,3.55,288,0,0,21161.05,0,0,47013.5,4789.45,10710.25,3.95,3.9,50982.25,4.4
39,80,7,0.37,0.72,0,3.1,0.55,1.5,6.35,0.65,0,2,3.4,0.6,0.3,0.7,96.25,32.5,128.75,20.4,0.6,6.05,6.65,3.8,3.7,0.1,0,2.65,1.15,6.2,0.45,0,2,3.05,0.75,0.5,0.35,10.85,43.85,41.55,30.05,19.95,19.2,15.8,11.25,3.4,14,15.1,9.05,9,5.65,5.05,3.75,14.25,57.85,56.65,39.1,28.95,24.85,20.85,15,6.35,7.3,0.25,3.35,69.55,1.65,263750.75,260779.95,2.75,17.35,2950.7,10.8,0.15,10.65,21221.45,47036.2,21027.25,0.45,1.75,192,46742.1,0.5,3.95,289.65,0,0,21221.45,0,0,47036.2,4805.35,10721.75,4.75,4.05,50999.8,5.75
40,80,5.8,0.2,0.47,0,3.15,0.4,1,5.4,0.4,0,0.9,3.2,0.7,0.75,0.25,86,33.35,119.35,18.15,0.2,4.95,5.15,2.05,2.05,0,0,1.7,0.35,4.45,0.7,0,1.5,2.55,0.5,0.25,0.35,10.3,38.45,37.25,24.75,20.75,18.05,14.4,8.05,3.65,14.45,15.25,9.95,6.7,5.55,5.8,5.35,13.95,52.9,52.5,34.7,27.45,23.6,20.2,13.4,5.95,7.75,0.2,2.6,70.85,1.25,263759.9,260783.85,2.35,15.55,2958.15,8.6,0,8.6,21269.8,47061.15,21075.2,0.1,1.65,192.85,46765.95,0.45,3.15,291.6,0,0,21269.8,0,0,47061.15,4817.6,10733.25,3.75,3.15,51016.15,3.8
41,80,7.2,0.43,0.82,0,3.4,0.5,1.55,6.7,0.5,0,1.45,3.7,1.1,0.55,0.4,94.6,31.65,126.25,21.55,0.55,5.85,6.4,3.35,3.2,0.15,0,2.55,0.8,5.85,0.55,0,1.5,3.65,0.7,0.45,0.1,11.65,40.65,42.3,24.9,24.1,16.25,16,13.35,3.55,14.15,13.95,9.7,6.35,6.1,4.75,4.75,15.2,54.8,56.25,34.6,30.45,22.35,20.75,18.1,6.35,7.65,0.1,2.5,67.45,0.95,263772.45,260789.15,3.1,15.2,2965,8.65,0.2,8.45,21328.55,47084.2,21133.3,0.2,1.3,193.75,46787.35,0.9,2.8,293.15,0,0,21328.55,0,0,47084.2,4833.8,10743.85,3.55,2.15,51034.6,4
42,80,6.5,0.28,0.58,0,3.75,0.45,1.4,5.7,0.8,0,1.55,3.2,0.6,0.9,0.25,88.9,30.05,118.95,18.35,0.45,5.95,6.4,3.35,3.05,0.3,0,2.25,1.1,5.9,0.5,0,1.15,3.6,0.8,0.6,0.25,10.45,38.35,40.1,24.7,21.25,16.5,14.8,11.65,4.1,11.8,14.15,8.9,6.2,6.45,5.05,3.45,14.55,50.15,54.25,33.6,27.45,22.95,19.85,15.1,5.85,6.5,0.25,1.95,75.05,1.35,263777.4,260788.55,3.45,14.55,2970.85,8.35,0.2,8.15,21382.05,47104.1,21186.1,0.35,1.4,194.2,46805.85,0.85,2.9,294.5,0,0,21382.05,0,0,47104.1,4847.7,10753.1,3.3,2.7,51050.75,4.45
43,80,5.45,NaN,NaN,0,2.7,0.5,1.1,4.75,0.7,0,1.5,3.05,0.4,0.4,0.1,88.15,33.75,121.9,18.9,0.4,5.45,5.85,3.15,2.9,0.25,0,2.6,0.55,5.2,0.65,0,1.5,2.85,0.5,0.8,0.2,9.85,38.3,40,25.55,20.1,17.15,14.9,10.45,4.45,14.7,14.6,9.1,7,7.1,6.5,4.05,14.3,53,54.6,34.65,27.1,24.25,21.4,14.5,6.15,6.8,0.2,1.75,68.35,0.95,263789.05,260795.35,2.55,13.9,2977.25,7.55,0.1,7.45,21432.15,47129,21235.85,0.2,1.55,194.55,46829.35,0.4,2.95,296.3,0,0,21432.15,0,0,47129,4860.7,10764.7,2.65,2.2,51068.35,4
44,80,5.75,NaN,NaN,0,3.15,0.9,1.15,5.25,0.5,0,1.6,2.95,0.6,0.25,0.35,91.5,27.7,119.2,19.6,0.25,5,5.25,2.8,2.7,0.1,0,2.1,0.7,4.85,0.4,0,1,2.85,0.8,0.5,0.1,11.5,39.05,40.95,25.95,23.25,18.05,14.25,10,3.8,11.9,12,8.25,7.3,5.4,4.2,2.55,15.3,50.95,52.95,34.2,30.55,23.45,18.45,12.55,5.95,6,0.05,2.1,66.45,0.95,263802.6,260804.2,2.25,13.85,2982.3,7.3,0.05,7.25,21492.25,47147.2,21295,0.3,1.6,195.35,46846.45,0.4,2.85,297.5,0,0,21492.25,0,0,47147.2,4875.45,10773.8,2.85,1.95,51086.8,3.35
45,80,4.6,0.22,0.46,0,2.25,0.6,0.65,4.1,0.5,0,1.3,2.25,0.25,0.25,0.55,97.4,34.1,131.5,18.65,0.5,5.2,5.7,2.7,2.45,0.25,0,2.1,0.6,5.1,0.6,0,1.9,2.35,0.55,0.45,0.45,10.45,42,44.95,29.9,23.65,17.95,14,11.9,3.9,14.95,15.25,9.6,8.45,4.8,5.35,5.9,14.35,56.95,60.2,39.5,32.1,22.75,19.35,17.8,4.55,6,0.2,1.75,66.5,1.95,263816.1,260812.6,2.05,13.4,2988.05,8.3,0.05,8.25,21551.65,47172.3,21353.5,0.3,2,195.85,46870.35,0.35,2.85,298.75,0,0,21551.65,0,0,47172.3,4888.35,10786.55,2.75,2.9,51104.1,3.35
46,80,5.05,0.31,0.58,0,2.55,0.35,1.45,4.5,0.55,0,0.8,2.5,0.85,0.45,0.45,88.8,30.65,119.45,18.65,0.2,4.55,4.75,2.3,2.2,0.1,0,2.1,0.2,4,0.75,0,1.15,2.75,0.3,0.25,0.3,10.5,38.3,40,27.1,21.55,16.3,13,10.85,4.05,13,13.6,8.9,7.15,6.15,4.15,4.3,14.55,51.3,53.6,36,28.7,22.45,17.15,15.15,5.4,5.25,0,2.85,70.8,1.35,263825.3,260816.05,1.7,14.55,2993,8.9,0.05,8.85,21606.05,47192.2,21407.35,0.15,2.1,196.45,46888.6,0.35,3.05,300.2,0,0,21606.05,0,0,47192.2,4902.8,10796.75,3.55,2.8,51121.5,3.35
47,80,7.1,0.38,0.78,0,3.35,0.6,1.55,6.6,0.5,0,1.05,4,0.75,0.55,0.75,91.2,29.8,121,21.7,0.5,4.8,5.3,2.55,2.5,0.05,0,1.8,0.75,4.8,0.5,0,1.15,2.85,0.55,0.5,0.25,9.1,42.65,39.45,25,21.7,16.4,15.4,12.7,4.15,12.35,13.3,8.95,6,5.5,5.75,3.6,13.25,55,52.75,33.95,27.7,21.9,21.15,16.3,6.6,6,0.05,2.75,70.6,1.55,263834.7,260819.05,2.1,15.05,2998.5,8.25,0.1,8.15,21663.45,47213.45,21463.95,0.2,1.95,197.35,46908.4,0.5,3.3,301.25,0,0,21663.45,0,0,47213.45,4919,10808.2,3.6,3.15,51139.7,3.8
48,80,6.4,NaN,NaN,0,3.5,0.5,1.8,5.7,0.7,0,1.2,3.45,0.75,0.6,0.4,93.5,30.6,124.1,17.35,0.7,5.8,6.5,3.5,3.3,0.2,0,2.7,0.8,5.95,0.55,0,0.9,3.8,0.65,0.25,0.9,9.85,38.95,44.7,28.8,21.95,16.45,13.85,12.45,3.75,13.2,13.65,8.75,7.85,5.9,5.1,3,13.6,52.15,58.35,37.55,29.8,22.35,18.95,15.45,5.4,7.15,0.4,2.2,69.9,1.35,263844.8,260823.7,2.7,13.3,3005.1,7.65,0.1,7.55,21722.5,47235.5,21522.05,0.35,1.6,198.5,46928.8,0.8,3,302.9,0,0,21722.5,0,0,47235.5,4933.15,10818.95,3.1,3.15,51157.25,3.95
49,80,5.3,NaN,NaN,0,3.05,0.5,1.15,4.95,0.35,0,1.35,2.7,0.55,0.4,0.3,91.15,35.8,126.95,19.6,0.45,5,5.45,2.85,2.8,0.05,0,2.15,0.7,5.05,0.4,0,0.85,2.85,0.9,0.6,0.25,10.95,41.3,38.9,25.2,21.75,18.05,15.3,10.85,3.85,15.4,16.55,12.2,8.9,6,5.1,3.6,14.8,56.7,55.45,37.4,30.65,24.05,20.4,14.45,5.55,4.35,0.25,1.9,70.2,1.5,263854.6,260828.95,2.15,14.5,3009,8.8,0,8.8,21773.3,47261.65,21572.4,0.25,1.55,199.1,46953.75,0.45,3.55,303.9,0,0,21773.3,0,0,47261.65,4947.95,10830.4,3.1,3.5,51173,4.15
50,80,6.05,0.25,0.55,0,3.1,0.75,1.35,5.35,0.7,0,1.75,2.75,0.55,0.6,0.4,90.65,30.4,121.05,18.65,0.2,5,5.2,3,2.75,0.25,0,2.25,0.75,4.7,0.5,0,1.05,2.95,0.45,0.35,0.4,9.35,42.35,38.95,27.85,22.8,17.3,12.1,10.6,3.7,13.3,13.4,8.7,6.85,5.95,5.6,3.3,13.05,55.65,52.35,36.55,29.65,23.25,17.7,13.9,5.7,6.35,0.15,2.6,73.05,1.2,263861.55,260829.45,2.35,14.85,3014.9,8.55,0,8.55,21830.65,47283.5,21628.9,0.25,1.85,199.65,46974.25,0.35,3.25,305.65,0,0,21830.65,0,0,47283.5,4962.1,10840.65,4,3.7,51188.85,3.5
51,80,6.3,0.34,0.72,0,3.1,0.5,1.1,5.8,0.5,0,0.9,3.65,0.8,0.55,0.4,97.55,32.95,130.5,21.2,0.5,5.4,5.9,3.25,3.2,0.05,0,2.55,0.7,5.6,0.3,0,1.4,3,0.65,0.7,0.15,10.75,38.65,48.15,27.9,22.35,19.3,15.85,12.15,3.05,14.35,15.55,9.4,6.95,6,5.65,4.95,13.8,53,63.7,37.3,29.3,25.3,21.5,17.1,6.1,6.55,0.25,2,68.4,1.2,263873.15,260835.1,2.3,14.4,3021.35,7.85,0,7.85,21891.05,47307.6,21688.6,0.15,2,200.3,46997.15,0.4,3.2,306.85,0,0,21891.05,0,0,47307.6,4977.55,10852.1,2.8,2.8,51206.7,3.35
52,80,6.25,0.42,0.71,0,3.55,1.1,1.2,5.85,0.4,0,1.8,2.8,0.85,0.45,0.25,91.05,33,124.05,18.5,0.25,5.8,6.05,3.2,3,0.2,0,2.65,0.55,5.4,0.65,0,1.55,3.2,0.45,0.45,0.4,10.05,38.65,42.35,26.45,20.7,16.35,13.55,14,3.1,13.35,16.55,10.3,6.9,6.65,4.85,4.3,13.15,52,58.9,36.75,27.6,23,18.4,18.3,5.9,6.15,0.2,2.3,69.65,1.55,263883.5,260839.05,2.45,15.05,3026.95,8.85,0.05,8.8,21944.5,47333.3,21740.95,0.45,1.8,201.3,47021.5,0.6,2.95,308.25,0,0,21944.5,0,0,47333.3,4992.1,10862.5,3.15,3.3,51223.55,3.7
53,80,6.1,0.31,0.57,0,3.6,1.1,1.6,5.5,0.6,0,1.25,3.85,0.45,0.3,0.25,93.25,30.65,123.9,21.25,0.45,5.25,5.7,2.6,2.5,0.1,0,1.85,0.75,5.3,0.4,0,1.35,2.7,0.9,0.4,0.35,11.6,41.2,40.45,26.15,22,18.6,15.65,10.85,3.2,13.2,14.25,9.55,6.55,6.2,4.7,3.65,14.8,54.4,54.7,35.7,28.55,24.8,20.35,14.5,5.85,5.6,0,3.25,73.95,1.45,263889.55,260839.05,2.7,16.3,3031.5,10.35,0.2,10.15,22003.2,47354.45,21798.4,0.4,2.5,201.9,47041,1,3.5,308.95,0,0,22003.2,0,0,47354.45,5008.55,10873.9,4.4,3.55,51240.7,4.35
54,80,6.35,0.28,0.53,0,2.85,0.65,1.25,5.7,0.65,0,1.4,3.25,0.7,0.05,0.9,93.25,31.1,124.35,20.75,0.3,5.05,5.35,3.55,3.35,0.2,0,2.7,0.85,4.9,0.45,0,1.25,2.95,0.35,0.5,0.3,11,39.4,42.85,26.95,20.1,20.2,15.85,10.15,3.3,13.9,13.9,9.3,8.85,5.05,4,3.9,14.3,53.3,56.75,36.25,28.95,25.25,19.85,14.05,6.2,8.4,0.15,3.15,69.4,1.55,263900.15,260842.1,2.55,16.1,3039.4,9.5,0.15,9.35,22060.75,47376.4,21855.1,0.5,2.2,202.95,47061.3,0.75,4,310.35,0,0,22060.75,0,0,47376.4,5025.2,10884.85,3.85,3.15,51259.6,5.25
55,80,6.95,NaN,NaN,0,3.7,0.7,1.1,6.75,0.2,0,1.15,3.45,1.35,0.55,0.45,95.85,32.35,128.2,22.25,0.6,5.45,6.05,2.95,2.75,0.2,0,2.65,0.3,5.45,0.6,0,1.5,3.2,0.45,0.2,0.7,10.1,41.4,44.35,27.45,22.65,17.2,16.8,11.75,3.6,11.9,16.85,9.2,6.9,5,6.4,4.85,13.7,53.3,61.2,36.65,29.55,22.2,23.2,16.6,6.35,7.05,0.15,2.4,68.3,0.95,263911.85,260847.8,3,15.4,3045.65,8.9,0.25,8.65,22119.25,47400.25,21912.8,0.55,2,203.9,47084.15,0.7,3.8,311.6,0,0,22119.25,0,0,47400.25,5041.85,10896.05,3.65,2.75,51277.55,4.75
56,80,5.35,NaN,NaN,0,2.5,0.75,1.15,5.1,0.25,0,0.65,3.2,0.85,0.3,0.35,94.85,31.35,126.2,22.05,0.5,5.75,6.25,3.45,3.45,0,0,2.15,1.3,6,0.25,0,0.95,3.5,1.1,0.3,0.4,10.3,43.7,40.85,26.7,22.15,18.05,15.55,12.4,3.4,12.75,15.2,9.95,7.05,5.55,3.85,4.95,13.7,56.45,56.05,36.65,29.2,23.6,19.4,17.35,6.1,6.35,0.2,2.5,67.5,1.4,263924.35,260855.5,2.05,15.15,3051.65,8.95,0.1,8.85,22180.05,47422.6,21972.75,0.35,2.25,204.7,47105.4,0.35,3.45,313.4,0,0,22180.05,0,0,47422.6,5060.25,10905.55,3.5,2.85,51294.3,4.25
57,80,6.6,0.34,0.52,0,3.6,0.95,1.7,5.75,0.85,0,1.85,3.25,0.6,0.55,0.35,95.65,33,128.65,21.75,0.2,5.05,5.25,2.45,2.4,0.05,0,1.6,0.85,4.9,0.35,0,0.6,3.25,0.75,0.4,0.25,13.1,40.6,41.95,26.6,21.6,17,16,14.45,4.75,12.3,15.95,8.85,7.95,6.45,5.55,4.2,17.85,52.9,57.9,35.45,29.55,23.45,21.55,18.65,5.9,8.65,0.05,2.45,66.7,1.7,263937.65,260860.15,2.65,15.4,3059.45,9.05,0.1,8.95,22237.75,47446.7,22029.25,0.35,2.45,205.7,47127.3,0.75,3.35,315.3,0,0,22237.75,0,0,47446.7,5076.3,10917.15,3.55,3.05,51311.7,3.5
58,80,6.55,0.51,0.86,0,3.8,0.6,1.95,5.95,0.6,0,1.95,2.95,0.7,0.65,0.3,94.6,32.45,127.05,20.25,0.3,5.1,5.4,2.85,2.7,0.15,0,2.55,0.3,4.85,0.55,0,1.2,2.8,0.8,0.35,0.25,11.35,41.55,41.7,28.2,23.5,16.85,15.2,10.85,4.1,13,15.35,8.65,7.25,7.35,5.75,3.45,15.45,54.55,57.05,36.85,30.75,24.2,20.95,14.3,5.65,6.45,0.1,2.25,69.4,0.8,263948.25,260864.9,3.45,14.55,3065.35,8.5,0.05,8.45,22296.5,47470.8,22087.3,0.05,2.1,207.05,47149.65,1.05,3.55,316.55,0,0,22296.5,0,0,47470.8,5092.15,10928.4,3.05,2.15,51329.5,3.45
59,80,8.05,0.45,0.77,0,3.6,1.2,1.8,7.15,0.9,0,1.55,4.3,1.25,0.4,0.45,90.7,33.75,124.45,20.35,0.95,5.35,6.3,4.1,3.65,0.45,0,3.2,0.9,5.85,0.45,0,1.7,3.15,0.65,0.55,0.25,11.3,36.75,42.65,25.25,21.8,18.05,15.4,10.2,3.6,15,15.15,10.3,6.7,6.4,5.25,5.1,14.9,51.75,57.8,35.55,28.5,24.45,20.65,15.3,6.95,6.35,0.5,2.15,72.5,1.5,263955.75,260864.35,3.95,16.15,3071.3,9.2,0.3,8.9,22348.95,47494.95,22138.1,0.75,1.9,208.2,47171.7,0.6,4.3,318.35,0,0,22348.95,0,0,47494.95,5106.25,10940.7,3.15,2.4,51344.95,4.55
60,80,7.35,0.45,0.72,0,3.55,1,1.75,6.5,0.85,0,2,3.65,0.7,0.4,0.6,94.45,34.2,128.65,19.6,0.6,6.5,7.1,3.25,3.2,0.05,0,2.4,0.85,6.35,0.75,0,1.3,3.95,0.95,0.55,0.35,10.25,41.7,42.5,26.6,22.35,19.4,14.55,11.55,3.9,16.7,13.6,9.8,7.45,6.55,5.85,4.55,14.15,58.4,56.1,36.4,29.8,25.95,20.4,16.1,7.65,7.3,0.2,2.7,71.2,2.45,263964.55,260865.45,3.45,17.5,3078.15,10.05,0.1,9.95,22405.45,47519.55,22193.7,0.65,2.3,208.8,47194.3,0.75,3.8,320.7,0,0,22405.45,0,0,47519.55,5119.95,10952.55,4,3.8,51360.85,4.8
61,80,7.55,0.45,0.63,0,3.25,0.6,1.7,6.55,1,0,1.65,3.3,1,1.05,0.55,91.05,31.95,123,20.6,0.3,6.3,6.6,3.05,2.9,0.15,0,2.35,0.7,5.5,1.1,0,1.75,3.35,0.75,0.3,0.45,11.4,39.5,40.15,25.9,22.5,19.05,13.25,10.35,4.6,15,12.35,8.55,7.55,5.95,5.6,4.3,16,54.5,52.5,34.45,30.05,25,18.85,14.65,7.85,8.55,0,3.6,67.7,1.85,263976.85,260869.35,3.05,18.7,3085.75,10.7,0.1,10.6,22460.4,47544.5,22247.7,0.25,2.75,209.7,47217.65,0.55,3.9,322.4,0,0,22460.4,0,0,47544.5,5134.9,10964.85,5.05,3.95,51376.9,4.75
62,80,8.8,0.4,0.78,0,4.4,0.75,1.3,7.85,0.95,0,1.45,4.15,1.85,0.75,0.6,90.15,32.45,122.6,20.15,0.75,6.7,7.45,3.4,3.05,0.35,0,2.45,0.95,6.75,0.7,0,1.7,3.5,0.85,0.85,0.55,11.25,37.65,41.25,23.9,23.55,15.25,16.3,11.15,3.65,15.25,13.55,8.3,9.45,5.6,5.15,3.95,14.9,52.9,54.8,32.2,33,20.85,21.45,15.1,8.2,7.7,0.35,2.85,70,1.75,263986.85,260871.6,3.15,19.2,3092.9,10.7,0.1,10.6,22513.6,47567.55,22299.85,0.2,2.35,211.2,47239.4,0.35,3.65,324.15,0,0,22513.6,0,0,47567.55,5150.7,10973.9,4.8,3.45,51393.9,4.85
63,80,7.65,0.34,0.57,0,3.85,1.3,0.85,6.7,0.95,0,2.25,3.6,0.6,0.3,0.8,91.8,32.45,124.25,19.55,0.2,7.15,7.35,3.35,3,0.35,0,2.45,0.9,6.5,0.85,0,1,3.85,1.25,0.75,0.5,10.15,38.85,42.8,27.35,22.55,16.7,13.3,11.9,4.65,12.95,14.85,9.25,8.2,6.05,5.6,3.35,14.8,51.8,57.65,36.6,30.75,22.75,18.9,15.25,7.75,9.05,0.1,2.35,70.45,1.8,263996.4,260873.3,2.95,18.9,3101.25,10.5,0.15,10.35,22568.15,47589.7,22353.5,0.45,1.95,212.25,47260.35,0.35,2.75,326.25,0,0,22568.15,0,0,47589.7,5164.8,10985.45,3.55,3.05,51410.5,4.4
64,80,8.2,0.44,0.83,0,4.1,1.1,1.7,7.5,0.7,0,2.2,3.55,1.45,0.4,0.55,94.15,35.45,129.6,20.95,0.2,7.5,7.7,3.9,3.5,0.4,0,3.25,0.65,6.7,1,0,2,3.75,0.95,0.2,0.8,10.9,42.65,40.6,28.05,20.7,17,16.95,11.45,4.7,14.5,16.25,10.3,7.45,7.65,5.2,4.85,15.6,57.15,56.85,38.35,28.15,24.65,22.15,16.3,7.95,8.95,0,2.75,70.55,1.2,264005.85,260874.25,3.1,18.85,3109.65,10.75,0.05,10.7,22622.7,47615.7,22406.95,0.6,1.85,213.3,47284.3,0.7,2.9,327.8,0,0,22622.7,0,0,47615.7,5180.9,10996,3.45,2.8,51425.65,4
65,80,6.6,0.41,0.6,0,3.15,0.6,1.4,5.75,0.85,0,1.75,2.45,1.05,0.4,0.8,90.45,32.7,123.15,18.3,0.2,6.85,7.05,3.5,3.4,0.1,0,2.45,1.05,6.2,0.85,0,1.75,3.1,1.15,0.45,0.6,8.8,39.85,41.8,25.1,22.15,17.6,15.25,10.35,3.85,14.75,14.1,9.25,8.35,6.5,5.2,3.4,12.65,54.6,55.9,34.35,30.5,24.1,20.45,13.75,6.9,7.7,0.05,3.1,69.25,2,264016.6,260878.45,2.55,19.05,3116.55,11.75,0,11.75,22676.25,47641.2,22459.75,0.45,1.95,214.1,47308.3,0.55,3,329.35,0,0,22676.25,0,0,47641.2,5195.05,11007.3,4.5,3.85,51444.8,5.45
66,80,7.9,0.39,0.89,0,3.95,1.2,1.95,7.35,0.55,0,1.7,4.7,0.6,0.45,0.45,91.65,32.8,124.45,17.9,0.5,5.85,6.35,2.95,2.7,0.25,0,2.35,0.6,5.45,0.9,0,2.15,2.4,1.1,0.45,0.25,9.3,38.75,43.6,27.05,22.75,17.35,14.2,10.3,4.05,15.05,13.7,8.6,9,6.1,5.25,3.85,13.35,53.8,57.3,35.65,31.75,23.45,19.45,14.15,7.05,8.35,0.15,2.8,67.7,1.6,264028.9,260883.85,3.15,17.75,3124.15,10.05,0,10.05,22731.35,47665.9,22513.45,0.45,2.35,215.1,47330.9,0.85,3.5,330.65,0,0,22731.35,0,0,47665.9,5206.95,11019.7,3.9,3.25,51461.95,4.6
67,80,7.85,0.35,0.68,0,4.05,1.2,1.5,6.9,0.95,0,2.15,3.6,0.95,0.55,0.6,89.7,31.75,121.45,22.3,0.75,6.55,7.3,3.9,3.7,0.2,0,2.95,0.95,6.9,0.4,0,1.55,3.85,0.9,0.4,0.6,10.9,38.75,40.05,27.1,21.6,15.55,14.4,11.05,3,14.65,14.1,10.05,7.05,6.2,4.65,3.8,13.9,53.4,54.15,37.15,28.65,21.75,19.05,14.85,7.2,6.3,0,3.8,70.6,2,264038.3,260885.5,3.8,19.6,3129.4,12.55,0.25,12.3,22785.45,47686.7,22566.25,0.45,3.05,215.7,47350.2,1.1,3.65,331.75,0,0,22785.45,0,0,47686.7,5225.15,11029.2,5.65,4.25,51480.35,6
68,80,7.2,0.3,0.67,0,3.75,1.05,2.05,6.8,0.4,0,1.25,3.65,0.75,0.85,0.7,92,31.1,123.1,20.2,0.55,6.1,6.65,3.3,3.15,0.15,0,2.55,0.75,6.3,0.35,0,1.55,3.65,0.5,0.5,0.45,10.65,41.25,40.1,26.8,21.15,18,15.3,10.75,3.55,14.8,12.75,9.4,6.4,5.65,5.55,4.1,14.2,56.05,52.85,36.2,27.55,23.65,20.85,14.85,6.9,8.6,0.15,2.6,67.2,1.4,264051.1,260890.9,3.95,18.9,3137.35,11.8,0.35,11.45,22842.35,47708.6,22621.95,0.6,2.95,216.85,47370,1.55,3.4,333.65,0,0,22842.35,0,0,47708.6,5242.4,11038.4,4.65,3.7,51496.8,5.45
69,80,7.75,0.39,0.82,0,3.85,0.6,2.35,7.15,0.6,0,1.8,3.8,0.85,0.95,0.35,92.45,33.15,125.6,20.35,0.45,6.6,7.05,3.3,3.1,0.2,0,2.3,1,6.55,0.5,0,0.9,3.95,0.75,0.9,0.55,11.3,38.5,42.65,24.85,20.6,19.15,17.3,10.55,3.15,15.25,14.75,9.1,8.1,7.1,5.65,3.2,14.45,53.75,57.4,33.95,28.7,26.25,22.95,13.75,7.4,8.1,0.25,3.4,77.4,1.75,264053.7,260885.65,3.85,19.2,3145,11.95,0.3,11.65,22897.1,47730.4,22675.8,0.3,2.6,218.4,47389.3,1.25,4.9,334.95,0,0,22897.1,0,0,47730.4,5256.45,11049.55,4.4,3.75,51512,4.95
70,80,8.25,0.37,0.76,0,4.6,1.1,2.2,7.6,0.65,0,1.35,4.6,1.15,0.4,0.75,92.15,31.1,123.25,18.85,0.75,6.4,7.15,4.2,4,0.2,0,3.2,1,6.65,0.5,0,1.3,3.85,1.1,0.7,0.2,11.3,41.05,39.8,30.45,17.65,17.1,14.6,12.35,2.15,14.45,14.5,8.25,7.5,6.85,4.75,3.35,13.45,55.5,54.3,38.7,25.15,23.95,19.35,15.7,8.4,9.6,0.2,3.55,74.8,1.7,264058.9,260882.85,3.3,19,3153.75,10.55,0,10.55,22952.7,47750.25,22729.9,0.4,2.8,219.6,47407.2,0.65,5.7,336.7,0,0,22952.7,0,0,47750.25,5272.15,11058.65,4.15,3.05,51529.6,5.05
71,80,5.8,0.31,0.68,0,3.1,0.6,1.7,4.95,0.85,0,1.5,3.1,0.4,0.35,0.45,90.3,31.25,121.55,18.85,0.6,7.05,7.65,3.8,3.8,0,0,2.7,1.1,7,0.65,0,1.65,3.75,1.15,0.55,0.55,11.35,39.85,39.1,23.8,22.15,18.15,13.85,12.35,4.3,12.75,14.2,8.95,7.7,5.5,5.25,3.7,15.65,52.6,53.3,32.75,29.85,23.65,19.1,16.05,6.4,6.7,0.45,2.3,76.6,2.1,264062.3,260881.65,2.2,18.6,3159.85,11.25,0,11.25,23007.95,47771.05,22784.35,0.35,2.5,220.75,47426.5,0.75,5.55,338.25,0,0,23007.95,0,0,47771.05,5285.15,11069.45,3.95,4.15,51543.4,5.15
72,80,6.4,0.35,0.82,0,3.4,0.75,1.55,5.6,0.8,0,1.3,3.2,0.8,0.65,0.45,90.45,30.3,120.75,21.3,0.1,6.3,6.4,3.3,2.95,0.35,0,2.45,0.85,5.3,1.1,0,1.55,3.35,0.6,0.5,0.4,8.85,42.35,39.25,25.5,20.65,17.5,15.85,10.95,3.35,14.15,12.8,8.25,6.8,6.65,4.7,3.7,12.2,56.5,52.05,33.75,27.45,24.15,20.55,14.65,5.8,7.45,0.1,2.55,74.1,1.5,264068.2,260882,2.7,16.9,3166.6,10.4,0.05,10.35,23063.55,47793.05,22839.35,0.15,2.4,221.65,47446.85,0.85,4.9,340.45,0,0,23063.55,0,0,47793.05,5301.95,11081.25,4.1,3.45,51559.95,5.05
73,80,6.25,0.43,1.04,0,3.05,0.95,1.3,5.7,0.55,0,1.2,3.45,0.8,0.4,0.35,88.8,33.55,122.35,20.8,0.75,5.45,6.2,3.85,3.7,0.15,0,2.65,1.2,5.8,0.4,0,0.85,3.45,0.75,0.6,0.55,11.75,38.55,38.5,25.9,20.7,18.3,14.7,9.2,4.1,13.8,15.65,8.65,7.95,7.55,5.75,3.4,15.85,52.35,54.15,34.55,28.65,25.85,20.45,12.6,5.8,7.6,0.35,2.7,65.55,0.95,264082.65,260891.2,2.75,15.1,3173.6,8.9,0.05,8.85,23115.15,47818,22889.9,0.35,2.25,222.65,47470.55,0.7,4.1,342.65,0,0,23115.15,0,0,47818,5317.9,11093.3,3.6,3.1,51577.9,4.5
74,80,7.35,0.45,1.1,0,3.9,0.55,1.45,6.9,0.45,0,1.25,3.85,1,0.5,0.65,83.1,31.75,114.85,18.4,0.55,4.95,5.5,2.25,1.95,0.3,0,1.6,0.65,4.55,0.95,0,1.2,2.95,0.8,0.35,0.2,10.9,35.8,36.4,24.7,18.7,16.8,11.05,11.85,3.65,14.7,13.4,9.75,6.05,6,5.05,4.9,14.55,50.5,49.8,34.45,24.75,22.8,16.1,16.75,7.75,5.95,0.1,2.2,73.75,1.45,264088.9,260890.65,2.15,16.8,3179.3,8.85,0,8.85,23162.25,47840.45,22936.45,0.1,2.4,223.3,47491.45,0.3,4.2,344.5,0,0,23162.25,0,0,47840.45,5331.35,11103.75,3.2,2.9,51593.95,4.4
75,80,7.55,NaN,NaN,0,3.6,1.4,2.45,7.2,0.35,0,1.2,3.65,1.2,0.7,0.75,95.2,30.65,125.85,20.8,0.5,6.55,7.05,3.6,3.35,0.25,0,2.85,0.75,6.65,0.4,0,1.1,4.2,0.8,0.5,0.45,11.3,42.35,41.55,28.8,20.45,19.8,14.55,11.6,3.8,12.9,13.95,7.45,8.15,5.3,5.25,4.5,15.1,55.25,55.5,36.25,28.6,25.1,19.8,16.1,6.4,7.05,0.15,2.75,67.9,1.8,264101,260895.9,3,16.1,3186,9.35,0.05,9.3,23222.2,47861.05,22994.95,0.4,2.7,224.15,47509.75,0.55,4.65,346.1,0,0,23222.2,0,0,47861.05,5347.7,11113.4,3.6,3.2,51610.9,4.5
76,80,4.6,NaN,NaN,0,2.2,0.8,1.3,4,0.6,0,1.05,1.55,0.75,0.3,0.85,88.7,30.6,119.3,20.75,0.5,5.6,6.1,3,3,0,0,1.95,1.05,5.8,0.3,0,1.15,2.3,1.2,0.55,0.9,10.8,40.95,36.95,26.6,18.9,17.05,13.75,12.4,3.1,15.15,12.35,9.25,7.15,5.7,4.6,3.9,13.9,56.1,49.3,35.85,26.05,22.75,18.35,16.3,5.2,6.05,0.2,2.95,71.5,1.25,264109.5,260900.75,2.2,15.25,3191.3,9.65,0.15,9.5,23276.1,47881.65,23047.9,0.4,2.55,225.25,47529.05,0.65,3.8,348.15,0,0,23276.1,0,0,47881.65,5363.35,11125.35,4.45,2.9,51627.25,4.9
77,80,4.45,NaN,NaN,0,2.7,0.45,1.3,3.9,0.55,0,0.55,3.05,0.45,0.2,0.2,88.65,30.4,119.05,19.65,0.3,4.3,4.6,2.4,2.3,0.1,0,1.5,0.9,4.25,0.35,0,0.6,2.15,0.65,0.4,0.8,9.05,38.6,41,24.8,19.55,17.8,13.15,13.35,4.25,13.3,12.85,7.6,8.45,6.5,5.7,2.15,13.3,51.9,53.85,32.4,28,24.3,18.85,15.5,4.8,6.7,0.15,2.1,74.5,1.35,264115,260902.75,1.7,13.2,3197.35,7.85,0,7.85,23329.05,47902.35,23100.25,0.4,1.7,226.7,47548.75,0.5,3.3,349.8,0,0,23329.05,0,0,47902.35,5379.05,11136.05,3.5,3,51642.85,3.8
78,80,4.1,NaN,NaN,0,2.15,0.45,0.95,3.75,0.35,0,1.15,2.05,0.2,0.35,0.3,93.3,29.45,122.75,20.95,0.35,4.95,5.3,3,2.6,0.4,0,2.5,0.5,4.45,0.85,0,0.85,3.4,0.75,0.2,0.1,11.7,40.4,41.2,25.95,22.3,20.1,14.05,10.9,3.65,13.2,12.6,8.6,7.8,5.7,3.5,3.85,15.35,53.6,53.8,34.55,30.1,25.8,17.55,14.75,3.65,6.35,0.2,1.2,71.65,1.35,264123.35,260908.1,1.95,10.45,3202.85,6.85,0.05,6.8,23388.65,47922.75,23159.25,0.5,1.15,227.75,47568.25,0.25,2.85,351.4,0,0,23388.65,0,0,47922.75,5396.75,11146.55,1.55,2.2,51658.8,3.45
79,80,4.3,NaN,NaN,0,2.15,0.55,1.4,3.85,0.45,0,0.95,2.4,0.55,0.3,0.1,90.3,33.6,123.9,20.1,0.2,3.25,3.45,1.5,1.35,0.15,0,1.45,0.05,3.1,0.35,0,0.85,2.15,0.15,0.2,0.1,10.5,40.1,39.7,25.9,20.25,17.65,14.5,12,4.3,14.35,14.95,8.8,7.9,7.2,5.4,4.3,14.8,54.45,54.65,34.7,28.15,24.85,19.9,16.3,4.65,4,0.1,1.9,72.35,0.65,264131,260912.05,1.45,11.1,3206.4,6.5,0,6.5,23440.1,47946.65,23210.15,0.1,1.75,228.1,47590.65,0.35,2.85,352.8,0,0,23440.1,0,0,47946.65,5409.4,11160.25,2.25,1.85,51674.35,3.3
80,80,4.6,NaN,NaN,0,2.45,0.3,1.15,4,0.6,0,1.2,2.15,0.7,0.4,0.15,92.2,31.05,123.25,19.7,0.6,3.9,4.5,2.75,2.7,0.05,0,2.15,0.6,4.25,0.25,0,1.5,1.95,0.6,0.3,0.15,10.15,42.6,39.45,27.25,22.1,16.85,14.3,11.7,4.5,14.45,12.1,8.85,7.25,6.45,4.6,3.9,14.65,57.05,51.55,36.1,29.35,23.3,18.9,15.6,3.9,4.1,0.25,2,75.8,1.35,264135.2,260912.25,1.9,10.9,3210.15,6.8,0,6.8,23497.05,47968.5,23266.55,0.05,1.85,228.6,47611.35,0.7,2.5,353.95,0,0,23497.05,0,0,47968.5,5423.9,11171.35,2.8,2.2,51689.4,3.7
81,80,4.4,NaN,NaN,0,2.75,1.05,0.85,4.15,0.25,0,0.8,2.3,0.7,0.15,0.45,85.45,32.75,118.2,18.45,0.25,3.8,4.05,1.95,1.8,0.15,0,1.65,0.3,3.45,0.6,0,0.75,2.15,0.65,0.3,0.2,9.95,37.35,38.15,23.5,19.2,18.3,13.55,10.9,3.6,14.45,14.7,9.35,6.7,6.6,4.85,5.25,13.55,51.8,52.85,32.85,25.9,24.9,18.4,16.15,4.4,4.3,0.1,2.5,69.15,1.6,264146.05,260919.45,1.8,11,3213.8,6.7,0.1,6.6,23544.7,47993.05,23313.25,0.35,1.6,229.5,47635.15,0.4,2.8,354.7,0,0,23544.7,0,0,47993.05,5436.7,11183.05,3.2,2.6,51706.45,3.6
82,80,3.9,NaN,NaN,0,1.6,0.55,1,3.25,0.65,0,0.85,2.15,0.6,0.1,0.2,87.7,30.5,118.2,20.8,0.2,3.6,3.8,2.15,2.05,0.1,0,1.85,0.3,3.4,0.4,0,0.9,2.15,0.35,0.35,0.05,10.9,38.8,38,26.7,19.35,15.6,14.65,11.4,5.1,12.35,13.05,9.15,7.55,5.45,4.7,3.65,16,51.15,51.05,35.85,26.9,21.05,19.35,15.05,4.35,5.1,0,1.3,68.2,0.9,264157.85,260928.2,1.35,10.25,3218.05,5.75,0.1,5.65,23597.35,48014.95,23365.5,0.3,1.45,230.1,47656.05,0.25,2.8,355.85,0,0,23597.35,0,0,48014.95,5453.2,11192.2,2.05,1.75,51722.35,3.4
83,80,4.95,NaN,NaN,0,2.45,0.3,1.1,4.55,0.4,0,1,2.05,1.15,0.35,0.35,87.8,31.25,119.05,19.2,0.3,3.9,4.2,1.85,1.75,0.1,0,1.25,0.6,3.55,0.65,0,0.7,2.3,0.85,0.15,0.2,8.55,41.35,37.9,25.15,19.4,17.55,14.9,10.8,3.6,15.2,12.45,9.45,6.65,6.25,4.85,4.05,12.15,56.55,50.35,34.6,26.05,23.8,19.75,14.85,4.25,4.35,0.1,1.6,72.15,0.9,264165.7,260932.2,1.85,10.1,3221.55,5.85,0.25,5.6,23649.9,48036.65,23417.8,0.2,1.2,230.7,47676.75,0.65,2.1,357.15,0,0,23649.9,0,0,48036.65,5468.35,11203,2.1,1.8,51737.95,2.9
84,80,3.95,NaN,NaN,0,2.05,0.6,1.05,3.85,0.1,0,0.45,2.4,0.25,0.35,0.4,87.5,34.95,122.45,18.6,0.25,3.4,3.65,1.9,1.85,0.05,0,1.25,0.65,3.45,0.2,0,0.6,2,0.7,0.25,0.1,10.45,39.05,38,25.25,21.95,16.4,13.6,10.3,4.05,14.8,16.1,10.9,8.25,6.3,4.65,4.85,14.5,53.85,54.1,36.15,30.2,22.7,18.25,15.15,3.9,4.5,0.1,1.2,71.6,0.7,264174.1,260937.65,1.75,9.5,3225.2,5.2,0,5.2,23698.35,48061.45,23465.8,0.35,1,231.2,47700.45,0.4,2.6,358,0,0,23698.35,0,0,48061.45,5481.85,11213.35,1.8,1.35,51757.5,2.65
85,80,3.2,NaN,NaN,0,1.6,0.45,0.95,2.95,0.25,0,0.5,1.9,0.4,0.2,0.2,86.45,29.25,115.7,19.6,0.2,3.4,3.6,1.95,1.9,0.05,0,1.75,0.2,3.45,0.15,0,0.55,1.95,0.4,0.25,0.45,10.85,34.65,40.95,25.25,19,18.3,14.65,9.25,3.2,13.4,12.65,7.65,6.3,6.5,4.45,4.35,14.05,48.05,53.6,32.9,25.3,24.8,19.1,13.6,2.55,3.7,0.05,1.5,74.95,1.1,264179.15,260940.05,2.25,8.35,3228.5,5.25,0.15,5.1,23751.7,48078.4,23518.65,0.35,1.1,231.6,47716.6,0.65,2.2,358.95,0,0,23751.7,0,0,48078.4,5498,11221.6,2.05,1.6,51775.05,2.55
